{
  "frontend/next.config.js": 1742600527.0149083,
  "frontend/next-env.d.ts": 1741837118.0,
  "frontend/tailwind.config.ts": 1775764379.675344,
  "frontend/src/styles.d.ts": 1775764379.6743236,
  "frontend/src/contexts/WindowContext.tsx": 1775764379.6738756,
  "frontend/src/app/ClientBody.tsx": 1775764379.6699562,
  "frontend/src/app/layout.tsx": 1775764379.6702046,
  "frontend/src/app/page.tsx": 1775764379.6705382,
  "frontend/src/components/project-list.tsx": 1775764379.6730447,
  "frontend/src/components/media-player.tsx": 1775764379.6724863,
  "frontend/src/components/info-panel.tsx": 1775764379.6719594,
  "frontend/src/components/base-window.tsx": 1775764379.6710842,
  "frontend/src/components/loader.tsx": 1775764379.6721969,
  "frontend/src/components/resume.tsx": 1775764379.6733263,
  "frontend/src/components/contact.tsx": 1775764512.475124,
  "frontend/src/components/mobile-fallback.tsx": 1775764379.672757,
  "frontend/src/components/status-bar.tsx": 1775764379.673599,
  "frontend/src/components/about-me.tsx": 1775764379.6707819,
  "frontend/src/components/experience-list.tsx": 1775764379.6717036,
  "frontend/src/hooks/useWindowDimensions.ts": 1775764379.6741507,
  "backend/app/audio.py": 1775771179.877267,
  "backend/app/main.py": 1775768414.9636316,
  "backend/scripts/sync_songs.py": 1775771192.3799179,
  "cookies.txt": 1775771391.5778172,
  "README.md": 1775764153.7965336,
  "backend/requirements.txt": 1775764379.6683435,
  "backend/README.md": 1765848416.165486,
  "backend/requirements-dev.txt": 1775764379.668118,
  "backend/ADDSONG.md": 1775769538.6742568,
  "frontend/public/assets/spotify.png": 1742503986.0,
  "frontend/public/assets/penguin.jpg": 1742587901.152474,
  "frontend/public/assets/sky.png": 1775764153.807385
}